"node","time","Ssows","Isows","Sgilts","Igilts","Spiglets","Ipiglets","Sgrowers","Igrowers","Sfinish","Ifinish","pentype","section","countdown","phi"
1,730,0,21,0,0,0,0,0,0,0,0,1,1,99999,0
2,730,0,21,0,0,0,0,0,0,0,0,1,1,99999,0
3,730,0,0,0,0,0,0,0,0,0,0,1,1,99999,0
4,730,0,18,0,0,0,0,0,0,0,0,1,1,99999,0
5,730,0,18,0,0,0,0,0,0,0,0,1,1,99999,0
6,730,0,0,0,0,0,0,0,0,0,0,1,1,99999,0
7,730,0,0,0,0,0,0,0,0,0,0,1,1,99999,0
8,730,0,0,0,0,0,0,0,0,0,0,1,1,99999,0
9,730,0,0,0,0,0,0,0,0,0,0,1,1,99999,0
10,730,0,0,0,0,0,0,0,0,0,0,1,1,99999,0
11,730,0,2,0,0,0,0,0,0,0,0,2,1,99999,0
12,730,0,0,0,0,0,0,0,0,0,0,2,1,99999,0
13,730,0,0,0,0,0,0,0,0,0,0,2,1,99999,0
14,730,0,0,0,0,0,0,0,0,0,0,2,1,99999,0
15,730,0,0,0,0,0,0,0,0,0,0,2,1,99999,0
16,730,0,0,0,7,0,0,0,0,0,0,3,1,33,0
17,730,0,0,0,4,0,0,0,0,0,0,3,1,99999,0
18,730,0,0,0,7,0,0,0,0,0,0,3,1,99999,0
19,730,0,0,0,1,0,0,0,0,0,0,3,1,99999,0
20,730,0,0,0,4,0,0,0,0,0,0,3,1,99999,0
21,730,0,0,0,0,0,0,0,0,0,0,3,1,99999,0
22,730,0,0,0,0,0,0,0,0,0,0,3,1,99999,0
23,730,0,0,0,0,0,0,0,0,0,0,3,1,99999,0
24,730,0,0,0,0,0,0,0,0,0,0,4,1,99999,0
25,730,0,0,0,0,0,0,0,0,0,0,4,1,99999,0
26,730,0,0,0,0,0,0,0,0,0,0,4,1,99999,0
27,730,0,0,0,0,0,0,0,0,0,0,4,1,99999,0
28,730,0,0,0,0,0,0,0,0,0,0,4,1,99999,0
29,730,0,0,0,0,0,0,0,0,0,0,4,1,99999,0
30,730,0,0,0,0,0,0,0,0,0,0,4,1,99999,0
31,730,0,0,0,0,0,0,0,0,0,0,4,1,99999,0
32,730,0,0,0,0,0,0,0,0,0,0,4,1,99999,0
33,730,0,0,0,0,0,0,0,0,0,0,4,1,99999,0
34,730,0,9,0,0,0,0,0,0,0,0,5,1,99999,0
35,730,0,9,0,0,0,0,0,0,0,0,5,1,99999,0
36,730,0,6,0,0,0,0,0,0,0,0,5,1,99999,0
37,730,0,9,0,0,0,0,0,0,0,0,5,1,99999,0
38,730,0,6,0,0,0,0,0,0,0,0,5,1,99999,0
39,730,0,8,0,0,0,0,0,0,0,0,5,1,99999,0
40,730,0,9,0,0,0,0,0,0,0,0,5,1,99999,0
41,730,0,7,0,0,0,0,0,0,0,0,5,1,99999,0
42,730,0,9,0,0,0,0,0,0,0,0,5,1,99999,0
43,730,0,10,0,0,0,0,0,0,0,0,5,1,99999,0
44,730,0,9,0,0,0,0,0,0,0,0,5,1,99999,0
45,730,0,11,0,0,0,0,0,0,0,0,5,1,99999,0
46,730,0,10,0,0,0,0,0,0,0,0,5,1,99999,0
47,730,0,8,0,0,0,0,0,0,0,0,5,1,99999,0
48,730,0,8,0,0,0,0,0,0,0,0,5,1,99999,0
49,730,0,9,0,0,0,0,0,0,0,0,5,1,99999,0
50,730,0,7,0,0,0,0,0,0,0,0,5,1,99999,0
51,730,0,7,0,0,0,0,0,0,0,0,5,1,99999,0
52,730,0,8,0,0,0,0,0,0,0,0,5,1,99999,0
53,730,0,9,0,0,0,0,0,0,0,0,5,1,99999,0
54,730,0,8,0,0,0,0,0,0,0,0,5,1,99999,0
55,730,0,10,0,0,0,0,0,0,0,0,5,1,99999,0
56,730,0,10,0,0,0,0,0,0,0,0,5,1,99999,0
57,730,0,11,0,0,0,0,0,0,0,0,5,1,99999,0
58,730,0,11,0,0,0,0,0,0,0,0,5,1,99999,0
59,730,0,7,0,0,0,0,0,0,0,0,5,1,99999,0
60,730,0,0,0,0,0,0,0,0,0,0,5,1,99999,0
61,730,0,0,0,0,0,0,0,0,0,0,5,1,99999,0
62,730,0,0,0,0,0,0,0,0,0,0,5,1,99999,0
63,730,0,0,0,0,0,0,0,0,0,0,5,1,99999,0
64,730,0,0,0,0,0,0,0,0,0,0,5,1,99999,0
65,730,0,0,0,0,0,0,0,0,0,0,5,1,99999,0
66,730,0,0,0,0,0,0,0,0,0,0,5,1,99999,0
67,730,0,0,0,0,0,0,0,0,0,0,5,1,99999,0
68,730,0,0,0,0,0,0,0,0,0,0,5,1,99999,0
69,730,0,0,0,3,0,0,0,0,0,0,6,1,99999,0
70,730,0,0,0,2,0,0,0,0,0,0,6,1,99999,0
71,730,0,0,0,5,0,0,0,0,0,0,6,1,99999,0
72,730,0,0,0,7,0,0,0,0,0,0,6,1,99999,0
73,730,0,0,0,4,0,0,0,0,0,0,6,1,99999,0
74,730,0,0,0,4,0,0,0,0,0,0,6,1,99999,0
75,730,0,0,0,0,0,0,0,0,0,0,6,1,99999,0
76,730,0,0,0,4,0,0,0,0,0,0,6,1,99999,0
77,730,0,0,0,9,0,0,0,0,0,0,6,1,99999,0
78,730,0,0,0,5,0,0,0,0,0,0,6,1,99999,0
79,730,0,0,0,5,0,0,0,0,0,0,6,1,99999,0
80,730,0,0,0,3,0,0,0,0,0,0,6,1,99999,0
81,730,0,0,0,0,0,0,0,0,0,0,6,1,99999,0
82,730,0,0,0,0,0,0,0,0,0,0,6,1,99999,0
83,730,0,0,0,0,0,0,0,0,0,0,6,1,99999,0
84,730,0,0,0,0,0,0,0,0,0,0,6,1,99999,0
85,730,0,0,0,0,0,0,0,0,0,0,6,1,99999,0
86,730,0,0,0,0,0,0,0,0,0,0,6,1,99999,0
87,730,0,0,0,0,0,0,0,0,0,0,6,1,99999,0
88,730,0,0,0,0,0,0,0,0,0,0,6,1,99999,0
89,730,0,0,0,0,0,0,0,0,0,0,6,1,99999,0
90,730,0,0,0,0,0,0,0,0,0,0,6,1,99999,0
91,730,0,0,0,0,0,0,0,0,0,0,6,1,99999,0
92,730,0,0,0,0,0,0,0,0,0,0,6,1,99999,0
93,730,0,0,0,0,0,0,0,0,0,0,6,1,99999,0
94,730,0,0,0,0,0,0,0,0,0,0,6,1,99999,0
95,730,0,0,0,0,0,0,0,0,0,0,6,1,99999,0
96,730,0,0,0,0,0,0,0,0,0,0,6,1,99999,0
97,730,0,0,0,0,0,0,0,0,0,0,6,1,99999,0
98,730,0,0,0,0,0,0,0,0,0,0,6,1,99999,0
99,730,0,0,0,0,0,0,0,0,0,0,7,1,99999,0
100,730,0,0,0,0,0,0,0,0,0,0,7,1,99999,0
101,730,0,0,0,0,0,0,0,0,0,0,7,1,99999,0
102,730,0,0,0,0,0,0,0,0,0,0,7,1,99999,0
103,730,0,0,0,0,0,0,0,0,0,0,7,1,99999,0
104,730,0,0,0,0,0,0,0,0,0,0,7,1,99999,0
105,730,0,0,0,0,0,0,0,0,0,0,7,1,99999,0
106,730,0,0,0,0,0,0,0,0,0,0,7,1,99999,0
107,730,0,0,0,0,0,0,0,0,0,0,7,1,99999,0
108,730,0,0,0,0,0,0,0,0,0,0,7,1,99999,0
109,730,0,0,0,0,0,0,0,0,0,0,7,1,99999,0
110,730,0,0,0,0,0,0,0,0,0,0,7,1,99999,0
111,730,0,0,0,0,0,0,0,0,0,0,7,1,99999,0
112,730,0,0,0,0,0,0,0,0,0,0,7,1,99999,0
113,730,0,0,0,0,0,0,0,0,0,0,7,1,99999,0
114,730,0,0,0,0,0,0,0,0,0,0,7,1,99999,0
115,730,0,0,0,0,0,0,0,0,0,0,7,1,99999,0
116,730,0,0,0,0,0,0,0,0,0,0,7,1,99999,0
117,730,0,0,0,0,0,0,0,0,0,0,7,1,99999,0
118,730,0,0,0,0,0,0,0,0,0,0,7,1,99999,0
119,730,0,0,0,0,0,0,0,0,0,0,7,1,99999,0
120,730,0,0,0,0,0,0,0,0,0,0,7,1,99999,0
121,730,0,0,0,0,0,0,0,0,0,0,7,1,99999,0
122,730,0,0,0,0,0,0,0,0,0,0,7,1,99999,0
123,730,0,0,0,0,0,0,0,0,0,0,7,1,99999,0
124,730,0,0,0,0,0,0,0,0,0,0,7,1,99999,0
125,730,0,1,0,0,0,15,0,0,0,0,7,2,99999,0
126,730,0,1,0,0,0,12,0,0,0,0,7,2,99999,0
127,730,0,1,0,0,0,8,0,0,0,0,7,2,99999,0
128,730,0,1,0,0,0,15,0,0,0,0,7,2,99999,0
129,730,0,1,0,0,0,12,0,0,0,0,7,2,99999,0
130,730,0,1,0,0,0,16,0,0,0,0,7,2,99999,0
131,730,0,1,0,0,0,12,0,0,0,0,7,2,99999,0
132,730,0,1,0,0,0,13,0,0,0,0,7,2,99999,0
133,730,0,1,0,0,0,14,0,0,0,0,7,2,99999,0
134,730,0,1,0,0,0,11,0,0,0,0,7,2,99999,0
135,730,0,1,0,0,0,9,0,0,0,0,7,2,99999,0
136,730,0,1,0,0,0,8,0,0,0,0,7,2,99999,0
137,730,0,1,0,0,0,10,0,0,0,0,7,2,99999,0
138,730,0,1,0,0,0,9,0,0,0,0,7,2,99999,0
139,730,0,1,0,0,0,16,0,0,0,0,7,2,99999,0
140,730,0,1,0,0,0,8,0,0,0,0,7,2,99999,0
141,730,0,1,0,0,0,15,0,0,0,0,7,2,99999,0
142,730,0,1,0,0,0,8,0,0,0,0,7,2,99999,0
143,730,0,1,0,0,0,19,0,0,0,0,7,2,99999,0
144,730,0,0,0,0,0,0,0,0,0,0,7,2,99999,0
145,730,0,0,0,0,0,0,0,0,0,0,7,2,99999,0
146,730,0,0,0,0,0,0,0,0,0,0,7,2,99999,0
147,730,0,0,0,0,0,0,0,0,0,0,7,2,99999,0
148,730,0,0,0,0,0,0,0,0,0,0,7,2,99999,0
149,730,0,0,0,0,0,0,0,0,0,0,7,2,99999,0
150,730,0,0,0,0,0,0,0,0,0,0,7,2,99999,0
151,730,0,1,0,0,0,14,0,0,0,0,7,3,99999,0
152,730,0,1,0,0,0,13,0,0,0,0,7,3,99999,0
153,730,0,1,0,0,0,9,0,0,0,0,7,3,99999,0
154,730,0,1,0,0,0,12,0,0,0,0,7,3,99999,0
155,730,0,1,0,0,0,15,0,0,0,0,7,3,99999,0
156,730,0,1,0,0,0,11,0,0,0,0,7,3,99999,0
157,730,0,1,0,0,0,8,0,0,0,0,7,3,99999,0
158,730,0,1,0,0,0,13,0,0,0,0,7,3,99999,0
159,730,0,1,0,0,0,16,0,0,0,0,7,3,99999,0
160,730,0,1,0,0,0,13,0,0,0,0,7,3,99999,0
161,730,0,1,0,0,0,13,0,0,0,0,7,3,99999,0
162,730,0,1,0,0,0,14,0,0,0,0,7,3,99999,0
163,730,0,1,0,0,0,16,0,0,0,0,7,3,99999,0
164,730,0,1,0,0,0,13,0,0,0,0,7,3,99999,0
165,730,0,1,0,0,0,12,0,0,0,0,7,3,99999,0
166,730,0,1,0,0,0,13,0,0,0,0,7,3,99999,0
167,730,0,1,0,0,0,13,0,0,0,0,7,3,99999,0
168,730,0,1,0,0,0,14,0,0,0,0,7,3,99999,0
169,730,0,1,0,0,0,11,0,0,0,0,7,3,99999,0
170,730,0,1,0,0,0,19,0,0,0,0,7,3,99999,0
171,730,0,1,0,0,0,14,0,0,0,0,7,3,99999,0
172,730,0,1,0,0,0,9,0,0,0,0,7,3,99999,0
173,730,0,1,0,0,0,14,0,0,0,0,7,3,99999,0
174,730,0,0,0,0,0,0,0,0,0,0,7,3,99999,0
175,730,0,0,0,0,0,0,0,0,0,0,7,3,99999,0
176,730,0,0,0,0,0,0,0,0,0,0,7,3,99999,0
177,730,0,1,0,0,0,17,0,0,0,0,7,4,99999,0
178,730,0,1,0,0,0,15,0,0,0,0,7,4,99999,0
179,730,0,1,0,0,0,17,0,0,0,0,7,4,99999,0
180,730,0,1,0,0,0,19,0,0,0,0,7,4,99999,0
181,730,0,1,0,0,0,9,0,0,0,0,7,4,99999,0
182,730,0,1,0,0,0,8,0,0,0,0,7,4,99999,0
183,730,0,1,0,0,0,19,0,0,0,0,7,4,99999,0
184,730,0,1,0,0,0,12,0,0,0,0,7,4,99999,0
185,730,0,1,0,0,0,17,0,0,0,0,7,4,99999,0
186,730,0,1,0,0,0,8,0,0,0,0,7,4,99999,0
187,730,0,1,0,0,0,14,0,0,0,0,7,4,99999,0
188,730,0,1,0,0,0,23,0,0,0,0,7,4,99999,0
189,730,0,1,0,0,0,7,0,0,0,0,7,4,99999,0
190,730,0,1,0,0,0,9,0,0,0,0,7,4,99999,0
191,730,0,1,0,0,0,15,0,0,0,0,7,4,99999,0
192,730,0,1,0,0,0,7,0,0,0,0,7,4,99999,0
193,730,0,1,0,0,0,9,0,0,0,0,7,4,99999,0
194,730,0,1,0,0,0,13,0,0,0,0,7,4,99999,0
195,730,0,1,0,0,0,20,0,0,0,0,7,4,99999,0
196,730,0,1,0,0,0,11,0,0,0,0,7,4,99999,0
197,730,0,0,0,0,0,0,0,0,0,0,7,4,99999,0
198,730,0,0,0,0,0,0,0,0,0,0,7,4,99999,0
199,730,0,0,0,0,0,0,0,0,0,0,7,4,99999,0
200,730,0,0,0,0,0,0,0,0,0,0,7,4,99999,0
201,730,0,0,0,0,0,0,0,0,0,0,7,4,99999,0
202,730,0,0,0,0,0,0,0,0,0,0,7,4,99999,0
203,730,0,1,0,0,0,8,0,0,0,0,7,5,99999,0
204,730,0,1,0,0,0,8,0,0,0,0,7,5,99999,0
205,730,0,1,0,0,0,11,0,0,0,0,7,5,99999,0
206,730,0,1,0,0,0,16,0,0,0,0,7,5,99999,0
207,730,0,1,0,0,0,16,0,0,0,0,7,5,99999,0
208,730,0,1,0,0,0,11,0,0,0,0,7,5,99999,0
209,730,0,1,0,0,0,11,0,0,0,0,7,5,99999,0
210,730,0,1,0,0,0,19,0,0,0,0,7,5,99999,0
211,730,0,1,0,0,0,15,0,0,0,0,7,5,99999,0
212,730,0,1,0,0,0,15,0,0,0,0,7,5,99999,0
213,730,0,1,0,0,0,16,0,0,0,0,7,5,99999,0
214,730,0,1,0,0,0,18,0,0,0,0,7,5,99999,0
215,730,0,1,0,0,0,19,0,0,0,0,7,5,99999,0
216,730,0,1,0,0,0,10,0,0,0,0,7,5,99999,0
217,730,0,1,0,0,0,20,0,0,0,0,7,5,99999,0
218,730,0,1,0,0,0,11,0,0,0,0,7,5,99999,0
219,730,0,1,0,0,0,18,0,0,0,0,7,5,99999,0
220,730,0,1,0,0,0,12,0,0,0,0,7,5,99999,0
221,730,0,1,0,0,0,21,0,0,0,0,7,5,99999,0
222,730,0,0,0,0,0,0,0,0,0,0,7,5,99999,0
223,730,0,0,0,0,0,0,0,0,0,0,7,5,99999,0
224,730,0,0,0,0,0,0,0,0,0,0,7,5,99999,0
225,730,0,0,0,0,0,0,0,0,0,0,7,5,99999,0
226,730,0,0,0,0,0,0,0,0,0,0,7,5,99999,0
227,730,0,0,0,0,0,0,0,0,0,0,7,5,99999,0
228,730,0,0,0,0,0,0,0,0,0,0,7,5,99999,0
229,730,0,1,0,0,0,17,0,0,0,0,7,6,99999,0
230,730,0,1,0,0,0,16,0,0,0,0,7,6,99999,0
231,730,0,1,0,0,0,14,0,0,0,0,7,6,99999,0
232,730,0,1,0,0,0,11,0,0,0,0,7,6,99999,0
233,730,0,1,0,0,0,21,0,0,0,0,7,6,99999,0
234,730,0,1,0,0,0,16,0,0,0,0,7,6,99999,0
235,730,0,1,0,0,0,13,0,0,0,0,7,6,99999,0
236,730,0,1,0,0,0,9,0,0,0,0,7,6,99999,0
237,730,0,1,0,0,0,12,0,0,0,0,7,6,99999,0
238,730,0,1,0,0,0,17,0,0,0,0,7,6,99999,0
239,730,0,1,0,0,0,11,0,0,0,0,7,6,99999,0
240,730,0,1,0,0,0,11,0,0,0,0,7,6,99999,0
241,730,0,1,0,0,0,14,0,0,0,0,7,6,99999,0
242,730,0,1,0,0,0,6,0,0,0,0,7,6,99999,0
243,730,0,1,0,0,0,13,0,0,0,0,7,6,99999,0
244,730,0,1,0,0,0,8,0,0,0,0,7,6,99999,0
245,730,0,1,0,0,0,10,0,0,0,0,7,6,99999,0
246,730,0,1,0,0,0,16,0,0,0,0,7,6,99999,0
247,730,0,1,0,0,0,9,0,0,0,0,7,6,99999,0
248,730,0,1,0,0,0,21,0,0,0,0,7,6,99999,0
249,730,0,0,0,0,0,0,0,0,0,0,7,6,99999,0
250,730,0,0,0,0,0,0,0,0,0,0,7,6,99999,0
251,730,0,0,0,0,0,0,0,0,0,0,7,6,99999,0
252,730,0,0,0,0,0,0,0,0,0,0,7,6,99999,0
253,730,0,0,0,0,0,0,0,0,0,0,7,6,99999,0
254,730,0,0,0,0,0,0,0,0,0,0,7,6,99999,0
255,730,0,0,0,0,0,0,0,16,0,0,8,1,99999,0
256,730,0,0,0,0,0,0,0,13,0,0,8,1,99999,0
257,730,0,0,0,0,0,0,0,8,0,0,8,1,99999,0
258,730,0,0,0,0,0,0,0,15,0,0,8,1,99999,0
259,730,0,0,0,0,0,0,0,18,0,0,8,1,99999,0
260,730,0,0,0,0,0,0,0,14,0,0,8,1,99999,0
261,730,0,0,0,0,0,0,0,9,0,0,8,1,99999,0
262,730,0,0,0,0,0,0,0,14,0,0,8,1,99999,0
263,730,0,0,0,0,0,0,0,15,0,0,8,1,99999,0
264,730,0,0,0,0,0,0,0,13,0,0,8,1,99999,0
265,730,0,0,0,0,0,0,0,10,0,0,8,1,99999,0
266,730,0,0,0,0,0,0,0,16,0,0,8,1,99999,0
267,730,0,0,0,0,0,0,0,9,0,0,8,1,99999,0
268,730,0,0,0,0,0,0,0,15,0,0,8,1,99999,0
269,730,0,0,0,0,0,0,0,9,0,0,8,1,99999,0
270,730,0,0,0,0,0,0,0,13,0,0,8,1,99999,0
271,730,0,0,0,0,0,0,0,12,0,0,8,1,99999,0
272,730,0,0,0,0,0,0,0,7,0,0,8,1,99999,0
273,730,0,0,0,0,0,0,0,11,0,0,8,1,99999,0
274,730,0,0,0,0,0,0,0,10,0,0,8,1,99999,0
275,730,0,0,0,0,0,0,0,17,0,0,8,1,99999,0
276,730,0,0,0,0,0,0,0,9,0,0,8,1,99999,0
277,730,0,0,0,0,0,0,0,0,0,0,8,1,99999,0
278,730,0,0,0,0,0,0,0,0,0,0,8,1,99999,0
279,730,0,0,0,0,0,0,0,0,0,0,8,1,99999,0
280,730,0,0,0,0,0,0,0,0,0,0,8,1,99999,0
281,730,0,0,0,0,0,0,0,9,0,0,8,2,99999,0
282,730,0,0,0,0,0,0,0,6,0,0,8,2,99999,0
283,730,0,0,0,0,0,0,0,13,0,0,8,2,99999,0
284,730,0,0,0,0,0,0,0,9,0,0,8,2,99999,0
285,730,0,0,0,0,0,0,0,20,0,0,8,2,99999,0
286,730,0,0,0,0,0,0,0,12,0,0,8,2,99999,0
287,730,0,0,0,0,0,0,0,13,0,0,8,2,99999,0
288,730,0,0,0,0,0,0,0,9,0,0,8,2,99999,0
289,730,0,0,0,0,0,0,0,8,0,0,8,2,99999,0
290,730,0,0,0,0,0,0,0,11,0,0,8,2,99999,0
291,730,0,0,0,0,0,0,0,9,0,0,8,2,99999,0
292,730,0,0,0,0,0,0,0,12,0,0,8,2,99999,0
293,730,0,0,0,0,0,0,0,12,0,0,8,2,99999,0
294,730,0,0,0,0,0,0,0,10,0,0,8,2,99999,0
295,730,0,0,0,0,0,0,0,10,0,0,8,2,99999,0
296,730,0,0,0,0,0,0,0,13,0,0,8,2,99999,0
297,730,0,0,0,0,0,0,0,15,0,0,8,2,99999,0
298,730,0,0,0,0,0,0,0,10,0,0,8,2,99999,0
299,730,0,0,0,0,0,0,0,7,0,0,8,2,99999,0
300,730,0,0,0,0,0,0,0,12,0,0,8,2,99999,0
301,730,0,0,0,0,0,0,0,12,0,0,8,2,99999,0
302,730,0,0,0,0,0,0,0,0,0,0,8,2,99999,0
303,730,0,0,0,0,0,0,0,0,0,0,8,2,99999,0
304,730,0,0,0,0,0,0,0,0,0,0,8,2,99999,0
305,730,0,0,0,0,0,0,0,0,0,0,8,2,99999,0
306,730,0,0,0,0,0,0,0,0,0,0,8,2,99999,0
307,730,0,0,0,0,0,0,0,9,0,0,8,3,99999,0
308,730,0,0,0,0,0,0,0,12,0,0,8,3,99999,0
309,730,0,0,0,0,0,0,0,16,0,0,8,3,99999,0
310,730,0,0,0,0,0,0,0,12,0,0,8,3,99999,0
311,730,0,0,0,0,0,0,0,16,0,0,8,3,99999,0
312,730,0,0,0,0,0,0,0,13,0,0,8,3,99999,0
313,730,0,0,0,0,0,0,0,14,0,0,8,3,99999,0
314,730,0,0,0,0,0,0,0,13,0,0,8,3,99999,0
315,730,0,0,0,0,0,0,0,11,0,0,8,3,99999,0
316,730,0,0,0,0,0,0,0,20,0,0,8,3,99999,0
317,730,0,0,0,0,0,0,0,18,0,0,8,3,99999,0
318,730,0,0,0,0,0,0,0,14,0,0,8,3,99999,0
319,730,0,0,0,0,0,0,0,13,0,0,8,3,99999,0
320,730,0,0,0,0,0,0,0,15,0,0,8,3,99999,0
321,730,0,0,0,0,0,0,0,10,0,0,8,3,99999,0
322,730,0,0,0,0,0,0,0,13,0,0,8,3,99999,0
323,730,0,0,0,0,0,0,0,19,0,0,8,3,99999,0
324,730,0,0,0,0,0,0,0,12,0,0,8,3,99999,0
325,730,0,0,0,0,0,0,0,13,0,0,8,3,99999,0
326,730,0,0,0,0,0,0,0,13,0,0,8,3,99999,0
327,730,0,0,0,0,0,0,0,16,0,0,8,3,99999,0
328,730,0,0,0,0,0,0,0,14,0,0,8,3,99999,0
329,730,0,0,0,0,0,0,0,0,0,0,8,3,99999,0
330,730,0,0,0,0,0,0,0,0,0,0,8,3,99999,0
331,730,0,0,0,0,0,0,0,0,0,0,8,3,99999,0
332,730,0,0,0,0,0,0,0,0,0,0,8,3,99999,0
333,730,0,0,0,0,0,0,0,0,0,0,8,4,99999,0
334,730,0,0,0,0,0,0,0,0,0,0,8,4,99999,0
335,730,0,0,0,0,0,0,0,0,0,0,8,4,99999,0
336,730,0,0,0,0,0,0,0,0,0,0,8,4,99999,0
337,730,0,0,0,0,0,0,0,0,0,0,8,4,99999,0
338,730,0,0,0,0,0,0,0,0,0,0,8,4,99999,0
339,730,0,0,0,0,0,0,0,0,0,0,8,4,99999,0
340,730,0,0,0,0,0,0,0,0,0,0,8,4,99999,0
341,730,0,0,0,0,0,0,0,0,0,0,8,4,99999,0
342,730,0,0,0,0,0,0,0,0,0,0,8,4,99999,0
343,730,0,0,0,0,0,0,0,0,0,0,8,4,99999,0
344,730,0,0,0,0,0,0,0,0,0,0,8,4,99999,0
345,730,0,0,0,0,0,0,0,0,0,0,8,4,99999,0
346,730,0,0,0,0,0,0,0,0,0,0,8,4,99999,0
347,730,0,0,0,0,0,0,0,0,0,0,8,4,99999,0
348,730,0,0,0,0,0,0,0,0,0,0,8,4,99999,0
349,730,0,0,0,0,0,0,0,0,0,0,8,4,99999,0
350,730,0,0,0,0,0,0,0,0,0,0,8,4,99999,0
351,730,0,0,0,0,0,0,0,0,0,0,8,4,99999,0
352,730,0,0,0,0,0,0,0,0,0,0,8,4,99999,0
353,730,0,0,0,0,0,0,0,0,0,0,8,4,99999,0
354,730,0,0,0,0,0,0,0,0,0,0,8,4,99999,0
355,730,0,0,0,0,0,0,0,0,0,0,8,4,99999,0
356,730,0,0,0,0,0,0,0,0,0,0,8,4,99999,0
357,730,0,0,0,0,0,0,0,0,0,0,8,4,99999,0
358,730,0,0,0,0,0,0,0,0,0,0,8,4,99999,0
359,730,0,0,0,0,0,0,0,10,0,0,8,5,99999,0
360,730,0,0,0,0,0,0,0,9,0,0,8,5,99999,0
361,730,0,0,0,0,0,0,0,16,0,0,8,5,99999,0
362,730,0,0,0,0,0,0,0,14,0,0,8,5,99999,0
363,730,0,0,0,0,0,0,0,11,0,0,8,5,99999,0
364,730,0,0,0,0,0,0,0,10,0,0,8,5,99999,0
365,730,0,0,0,0,0,0,0,12,0,0,8,5,99999,0
366,730,0,0,0,0,0,0,0,5,0,0,8,5,99999,0
367,730,0,0,0,0,0,0,0,15,0,0,8,5,99999,0
368,730,0,0,0,0,0,0,0,8,0,0,8,5,99999,0
369,730,0,0,0,0,0,0,0,14,0,0,8,5,99999,0
370,730,0,0,0,0,0,0,0,16,0,0,8,5,99999,0
371,730,0,0,0,0,0,0,0,13,0,0,8,5,99999,0
372,730,0,0,0,0,0,0,0,14,0,0,8,5,99999,0
373,730,0,0,0,0,0,0,0,7,0,0,8,5,99999,0
374,730,0,0,0,0,0,0,0,10,0,0,8,5,99999,0
375,730,0,0,0,0,0,0,0,13,0,0,8,5,99999,0
376,730,0,0,0,0,0,0,0,9,0,0,8,5,99999,0
377,730,0,0,0,0,0,0,0,9,0,0,8,5,99999,0
378,730,0,0,0,0,0,0,0,6,0,0,8,5,99999,0
379,730,0,0,0,0,0,0,0,0,0,0,8,5,99999,0
380,730,0,0,0,0,0,0,0,0,0,0,8,5,99999,0
381,730,0,0,0,0,0,0,0,0,0,0,8,5,99999,0
382,730,0,0,0,0,0,0,0,0,0,0,8,5,99999,0
383,730,0,0,0,0,0,0,0,0,0,0,8,5,99999,0
384,730,0,0,0,0,0,0,0,0,0,0,8,5,99999,0
385,730,0,0,0,0,0,0,0,13,0,0,8,6,99999,0
386,730,0,0,0,0,0,0,0,9,0,0,8,6,99999,0
387,730,0,0,0,0,0,0,0,13,0,0,8,6,99999,0
388,730,0,0,0,0,0,0,0,15,0,0,8,6,99999,0
389,730,0,0,0,0,0,0,0,8,0,0,8,6,99999,0
390,730,0,0,0,0,0,0,0,8,0,0,8,6,99999,0
391,730,0,0,0,0,0,0,0,13,0,0,8,6,99999,0
392,730,0,0,0,0,0,0,0,12,0,0,8,6,99999,0
393,730,0,0,0,0,0,0,0,10,0,0,8,6,99999,0
394,730,0,0,0,0,0,0,0,16,0,0,8,6,99999,0
395,730,0,0,0,0,0,0,0,10,0,0,8,6,99999,0
396,730,0,0,0,0,0,0,0,10,0,0,8,6,99999,0
397,730,0,0,0,0,0,0,0,12,0,0,8,6,99999,0
398,730,0,0,0,0,0,0,0,7,0,0,8,6,99999,0
399,730,0,0,0,0,0,0,0,9,0,0,8,6,99999,0
400,730,0,0,0,0,0,0,0,15,0,0,8,6,99999,0
401,730,0,0,0,0,0,0,0,13,0,0,8,6,99999,0
402,730,0,0,0,0,0,0,0,8,0,0,8,6,99999,0
403,730,0,0,0,0,0,0,0,9,0,0,8,6,99999,0
404,730,0,0,0,0,0,0,0,16,0,0,8,6,99999,0
405,730,0,0,0,0,0,0,0,6,0,0,8,6,99999,0
406,730,0,0,0,0,0,0,0,16,0,0,8,6,99999,0
407,730,0,0,0,0,0,0,0,8,0,0,8,6,99999,0
408,730,0,0,0,0,0,0,0,0,0,0,8,6,99999,0
409,730,0,0,0,0,0,0,0,0,0,0,8,6,99999,0
410,730,0,0,0,0,0,0,0,0,0,0,8,6,99999,0
411,730,0,0,0,0,0,0,0,8,0,0,8,7,99999,0
412,730,0,0,0,0,0,0,0,11,0,0,8,7,99999,0
413,730,0,0,0,0,0,0,0,15,0,0,8,7,99999,0
414,730,0,0,0,0,0,0,0,8,0,0,8,7,99999,0
415,730,0,0,0,0,0,0,0,13,0,0,8,7,99999,0
416,730,0,0,0,0,0,0,0,15,0,0,8,7,99999,0
417,730,0,0,0,0,0,0,0,11,0,0,8,7,99999,0
418,730,0,0,0,0,0,0,0,3,0,0,8,7,99999,0
419,730,0,0,0,0,0,0,0,13,0,0,8,7,99999,0
420,730,0,0,0,0,0,0,0,9,0,0,8,7,99999,0
421,730,0,0,0,0,0,0,0,13,0,0,8,7,99999,0
422,730,0,0,0,0,0,0,0,11,0,0,8,7,99999,0
423,730,0,0,0,0,0,0,0,12,0,0,8,7,99999,0
424,730,0,0,0,0,0,0,0,15,0,0,8,7,99999,0
425,730,0,0,0,0,0,0,0,11,0,0,8,7,99999,0
426,730,0,0,0,0,0,0,0,17,0,0,8,7,99999,0
427,730,0,0,0,0,0,0,0,11,0,0,8,7,99999,0
428,730,0,0,0,0,0,0,0,14,0,0,8,7,99999,0
429,730,0,0,0,0,0,0,0,11,0,0,8,7,99999,0
430,730,0,0,0,0,0,0,0,15,0,0,8,7,99999,0
431,730,0,0,0,0,0,0,0,9,0,0,8,7,99999,0
432,730,0,0,0,0,0,0,0,0,0,0,8,7,99999,0
433,730,0,0,0,0,0,0,0,0,0,0,8,7,99999,0
434,730,0,0,0,0,0,0,0,0,0,0,8,7,99999,0
435,730,0,0,0,0,0,0,0,0,0,0,8,7,99999,0
436,730,0,0,0,0,0,0,0,0,0,0,8,7,99999,0
437,730,0,0,0,0,0,0,0,11,0,0,8,8,99999,0
438,730,0,0,0,0,0,0,0,14,0,0,8,8,99999,0
439,730,0,0,0,0,0,0,0,10,0,0,8,8,99999,0
440,730,0,0,0,0,0,0,0,6,0,0,8,8,99999,0
441,730,0,0,0,0,0,0,0,8,0,0,8,8,99999,0
442,730,0,0,0,0,0,0,0,8,0,0,8,8,99999,0
443,730,0,0,0,0,0,0,0,10,0,0,8,8,99999,0
444,730,0,0,0,0,0,0,0,8,0,0,8,8,99999,0
445,730,0,0,0,0,0,0,0,8,0,0,8,8,99999,0
446,730,0,0,0,0,0,0,0,12,0,0,8,8,99999,0
447,730,0,0,0,0,0,0,0,5,0,0,8,8,99999,0
448,730,0,0,0,0,0,0,0,10,0,0,8,8,99999,0
449,730,0,0,0,0,0,0,0,13,0,0,8,8,99999,0
450,730,0,0,0,0,0,0,0,9,0,0,8,8,99999,0
451,730,0,0,0,0,0,0,0,20,0,0,8,8,99999,0
452,730,0,0,0,0,0,0,0,16,0,0,8,8,99999,0
453,730,0,0,0,0,0,0,0,9,0,0,8,8,99999,0
454,730,0,0,0,0,0,0,0,15,0,0,8,8,99999,0
455,730,0,0,0,0,0,0,0,11,0,0,8,8,99999,0
456,730,0,0,0,0,0,0,0,9,0,0,8,8,99999,0
457,730,0,0,0,0,0,0,0,0,0,0,8,8,99999,0
458,730,0,0,0,0,0,0,0,0,0,0,8,8,99999,0
459,730,0,0,0,0,0,0,0,0,0,0,8,8,99999,0
460,730,0,0,0,0,0,0,0,0,0,0,8,8,99999,0
461,730,0,0,0,0,0,0,0,0,0,0,8,8,99999,0
462,730,0,0,0,0,0,0,0,0,0,0,8,8,99999,0
463,730,0,0,0,0,0,0,0,10,0,0,8,9,99999,0
464,730,0,0,0,0,0,0,0,13,0,0,8,9,99999,0
465,730,0,0,0,0,0,0,0,12,0,0,8,9,99999,0
466,730,0,0,0,0,0,0,0,11,0,0,8,9,99999,0
467,730,0,0,0,0,0,0,0,13,0,0,8,9,99999,0
468,730,0,0,0,0,0,0,0,12,0,0,8,9,99999,0
469,730,0,0,0,0,0,0,0,16,0,0,8,9,99999,0
470,730,0,0,0,0,0,0,0,12,0,0,8,9,99999,0
471,730,0,0,0,0,0,0,0,11,0,0,8,9,99999,0
472,730,0,0,0,0,0,0,0,8,0,0,8,9,99999,0
473,730,0,0,0,0,0,0,0,13,0,0,8,9,99999,0
474,730,0,0,0,0,0,0,0,9,0,0,8,9,99999,0
475,730,0,0,0,0,0,0,0,18,0,0,8,9,99999,0
476,730,0,0,0,0,0,0,0,9,0,0,8,9,99999,0
477,730,0,0,0,0,0,0,0,12,0,0,8,9,99999,0
478,730,0,0,0,0,0,0,0,5,0,0,8,9,99999,0
479,730,0,0,0,0,0,0,0,9,0,0,8,9,99999,0
480,730,0,0,0,0,0,0,0,18,0,0,8,9,99999,0
481,730,0,0,0,0,0,0,0,12,0,0,8,9,99999,0
482,730,0,0,0,0,0,0,0,13,0,0,8,9,99999,0
483,730,0,0,0,0,0,0,0,17,0,0,8,9,99999,0
484,730,0,0,0,0,0,0,0,15,0,0,8,9,99999,0
485,730,0,0,0,0,0,0,0,9,0,0,8,9,99999,0
486,730,0,0,0,0,0,0,0,0,0,0,8,9,99999,0
487,730,0,0,0,0,0,0,0,0,0,0,8,9,99999,0
488,730,0,0,0,0,0,0,0,0,0,0,8,9,99999,0
489,730,0,0,0,0,0,0,0,0,0,0,8,10,99999,0
490,730,0,0,0,0,0,0,0,0,0,0,8,10,99999,0
491,730,0,0,0,0,0,0,0,0,0,0,8,10,99999,0
492,730,0,0,0,0,0,0,0,0,0,0,8,10,99999,0
493,730,0,0,0,0,0,0,0,0,0,0,8,10,99999,0
494,730,0,0,0,0,0,0,0,0,0,0,8,10,99999,0
495,730,0,0,0,0,0,0,0,0,0,0,8,10,99999,0
496,730,0,0,0,0,0,0,0,0,0,0,8,10,99999,0
497,730,0,0,0,0,0,0,0,0,0,0,8,10,99999,0
498,730,0,0,0,0,0,0,0,0,0,0,8,10,99999,0
499,730,0,0,0,0,0,0,0,0,0,0,8,10,99999,0
500,730,0,0,0,0,0,0,0,0,0,0,8,10,99999,0
501,730,0,0,0,0,0,0,0,0,0,0,8,10,99999,0
502,730,0,0,0,0,0,0,0,0,0,0,8,10,99999,0
503,730,0,0,0,0,0,0,0,0,0,0,8,10,99999,0
504,730,0,0,0,0,0,0,0,0,0,0,8,10,99999,0
505,730,0,0,0,0,0,0,0,0,0,0,8,10,99999,0
506,730,0,0,0,0,0,0,0,0,0,0,8,10,99999,0
507,730,0,0,0,0,0,0,0,0,0,0,8,10,99999,0
508,730,0,0,0,0,0,0,0,0,0,0,8,10,99999,0
509,730,0,0,0,0,0,0,0,0,0,0,8,10,99999,0
510,730,0,0,0,0,0,0,0,0,0,0,8,10,99999,0
511,730,0,0,0,0,0,0,0,0,0,0,8,10,99999,0
512,730,0,0,0,0,0,0,0,0,0,0,8,10,99999,0
513,730,0,0,0,0,0,0,0,0,0,0,8,10,99999,0
514,730,0,0,0,0,0,0,0,0,0,0,8,10,99999,0
515,730,0,0,0,0,0,0,0,9,0,0,9,1,99999,0
516,730,0,0,0,0,0,0,0,9,0,0,9,1,99999,0
517,730,0,0,0,0,0,0,0,16,0,0,9,1,99999,0
518,730,0,0,0,0,0,0,0,10,0,0,9,1,99999,0
519,730,0,0,0,0,0,0,0,0,0,0,9,1,99999,0
520,730,0,0,0,0,0,0,0,0,0,0,9,1,99999,0
521,730,0,0,0,0,0,0,0,7,0,0,9,1,99999,0
522,730,0,0,0,0,0,0,0,9,0,0,9,1,99999,0
523,730,0,0,0,0,0,0,0,13,0,0,9,1,99999,0
524,730,0,0,0,0,0,0,0,0,0,0,9,1,99999,0
525,730,0,0,0,0,0,0,0,0,0,0,9,1,99999,0
526,730,0,0,0,0,0,0,0,11,0,0,9,1,99999,0
527,730,0,0,0,0,0,0,0,0,0,0,9,1,99999,0
528,730,0,0,0,0,0,0,0,0,0,0,9,1,99999,0
529,730,0,0,0,0,0,0,0,0,0,0,9,1,99999,0
530,730,0,0,0,0,0,0,0,0,0,0,9,1,99999,0
531,730,0,0,0,0,0,0,0,0,0,0,9,1,99999,0
532,730,0,0,0,0,0,0,0,0,0,0,9,1,99999,0
533,730,0,0,0,0,0,0,0,0,0,0,9,1,99999,0
534,730,0,0,0,0,0,0,0,0,0,0,9,1,99999,0
535,730,0,0,0,0,0,0,0,0,0,0,9,1,99999,0
536,730,0,0,0,0,0,0,0,0,0,0,9,1,99999,0
537,730,0,0,0,0,0,0,0,0,0,0,9,1,99999,0
538,730,0,0,0,0,0,0,0,0,0,0,9,1,99999,0
539,730,0,0,0,0,0,0,0,0,0,0,9,1,99999,0
540,730,0,0,0,0,0,0,0,0,0,0,9,1,99999,0
541,730,0,0,0,0,0,0,0,0,0,6,10,1,99999,0
542,730,0,0,0,0,0,0,0,0,0,2,10,1,99999,0
543,730,0,0,0,0,0,0,0,0,0,1,10,1,99999,0
544,730,0,0,0,0,0,0,0,0,0,4,10,1,99999,0
545,730,0,0,0,0,0,0,0,0,0,3,10,1,99999,0
546,730,0,0,0,0,0,0,0,0,0,2,10,1,99999,0
547,730,0,0,0,0,0,0,0,0,0,5,10,1,99999,0
548,730,0,0,0,0,0,0,0,0,0,4,10,1,99999,0
549,730,0,0,0,0,0,0,0,0,0,6,10,1,99999,0
550,730,0,0,0,0,0,0,0,0,0,2,10,1,99999,0
551,730,0,0,0,0,0,0,0,0,0,3,10,1,99999,0
552,730,0,0,0,0,0,0,0,0,0,2,10,1,99999,0
553,730,0,0,0,0,0,0,0,0,0,2,10,1,99999,0
554,730,0,0,0,0,0,0,0,0,0,1,10,1,99999,0
555,730,0,0,0,0,0,0,0,0,0,3,10,1,99999,0
556,730,0,0,0,0,0,0,0,0,0,3,10,1,99999,0
557,730,0,0,0,0,0,0,0,0,0,2,10,1,99999,0
558,730,0,0,0,0,0,0,0,0,0,5,10,1,99999,0
559,730,0,0,0,0,0,0,0,0,0,2,10,1,99999,0
560,730,0,0,0,0,0,0,0,0,0,1,10,1,99999,0
561,730,0,0,0,0,0,0,0,0,0,2,10,1,99999,0
562,730,0,0,0,0,0,0,0,0,0,3,10,1,99999,0
563,730,0,0,0,0,0,0,0,0,0,6,10,1,99999,0
564,730,0,0,0,0,0,0,0,0,0,3,10,1,99999,0
565,730,0,0,0,0,0,0,0,0,0,0,10,1,99999,0
566,730,0,0,0,0,0,0,0,0,0,0,10,1,99999,0
567,730,0,0,0,0,0,0,0,0,0,0,10,1,99999,0
568,730,0,0,0,0,0,0,0,0,0,0,10,1,99999,0
569,730,0,0,0,0,0,0,0,0,0,0,10,1,99999,0
570,730,0,0,0,0,0,0,0,0,0,0,10,1,99999,0
571,730,0,0,0,0,0,0,0,0,0,7,10,2,99999,0
572,730,0,0,0,0,0,0,0,0,0,4,10,2,99999,0
573,730,0,0,0,0,0,0,0,0,0,7,10,2,99999,0
574,730,0,0,0,0,0,0,0,0,0,9,10,2,99999,0
575,730,0,0,0,0,0,0,0,0,0,7,10,2,99999,0
576,730,0,0,0,0,0,0,0,0,0,7,10,2,99999,0
577,730,0,0,0,0,0,0,0,0,0,10,10,2,99999,0
578,730,0,0,0,0,0,0,0,0,0,4,10,2,99999,0
579,730,0,0,0,0,0,0,0,0,0,5,10,2,99999,0
580,730,0,0,0,0,0,0,0,0,0,6,10,2,99999,0
581,730,0,0,0,0,0,0,0,0,0,7,10,2,99999,0
582,730,0,0,0,0,0,0,0,0,0,4,10,2,99999,0
583,730,0,0,0,0,0,0,0,0,0,5,10,2,99999,0
584,730,0,0,0,0,0,0,0,0,0,9,10,2,99999,0
585,730,0,0,0,0,0,0,0,0,0,5,10,2,99999,0
586,730,0,0,0,0,0,0,0,0,0,8,10,2,99999,0
587,730,0,0,0,0,0,0,0,0,0,7,10,2,99999,0
588,730,0,0,0,0,0,0,0,0,0,3,10,2,99999,0
589,730,0,0,0,0,0,0,0,0,0,7,10,2,99999,0
590,730,0,0,0,0,0,0,0,0,0,5,10,2,99999,0
591,730,0,0,0,0,0,0,0,0,0,6,10,2,99999,0
592,730,0,0,0,0,0,0,0,0,0,4,10,2,99999,0
593,730,0,0,0,0,0,0,0,0,0,9,10,2,99999,0
594,730,0,0,0,0,0,0,0,0,0,0,10,2,99999,0
595,730,0,0,0,0,0,0,0,0,0,0,10,2,99999,0
596,730,0,0,0,0,0,0,0,0,0,0,10,2,99999,0
597,730,0,0,0,0,0,0,0,0,0,0,10,2,99999,0
598,730,0,0,0,0,0,0,0,0,0,0,10,2,99999,0
599,730,0,0,0,0,0,0,0,0,0,0,10,2,99999,0
600,730,0,0,0,0,0,0,0,0,0,0,10,2,99999,0
601,730,0,0,0,0,0,0,0,0,0,7,10,3,99999,0
602,730,0,0,0,0,0,0,0,0,0,11,10,3,99999,0
603,730,0,0,0,0,0,0,0,0,0,11,10,3,99999,0
604,730,0,0,0,0,0,0,0,0,0,14,10,3,99999,0
605,730,0,0,0,0,0,0,0,0,0,12,10,3,99999,0
606,730,0,0,0,0,0,0,0,0,0,5,10,3,99999,0
607,730,0,0,0,0,0,0,0,0,0,16,10,3,99999,0
608,730,0,0,0,0,0,0,0,0,0,11,10,3,99999,0
609,730,0,0,0,0,0,0,0,0,0,15,10,3,99999,0
610,730,0,0,0,0,0,0,0,0,0,10,10,3,99999,0
611,730,0,0,0,0,0,0,0,0,0,12,10,3,99999,0
612,730,0,0,0,0,0,0,0,0,0,10,10,3,99999,0
613,730,0,0,0,0,0,0,0,0,0,9,10,3,99999,0
614,730,0,0,0,0,0,0,0,0,0,7,10,3,99999,0
615,730,0,0,0,0,0,0,0,0,0,9,10,3,99999,0
616,730,0,0,0,0,0,0,0,0,0,15,10,3,99999,0
617,730,0,0,0,0,0,0,0,0,0,9,10,3,99999,0
618,730,0,0,0,0,0,0,0,0,0,7,10,3,99999,0
619,730,0,0,0,0,0,0,0,0,0,9,10,3,99999,0
620,730,0,0,0,0,0,0,0,0,0,9,10,3,99999,0
621,730,0,0,0,0,0,0,0,0,0,13,10,3,99999,0
622,730,0,0,0,0,0,0,0,0,0,6,10,3,99999,0
623,730,0,0,0,0,0,0,0,0,0,0,10,3,99999,0
624,730,0,0,0,0,0,0,0,0,0,6,10,3,99999,0
625,730,0,0,0,0,0,0,0,0,0,0,10,3,99999,0
626,730,0,0,0,0,0,0,0,0,0,0,10,3,99999,0
627,730,0,0,0,0,0,0,0,0,0,0,10,3,99999,0
628,730,0,0,0,0,0,0,0,0,0,0,10,3,99999,0
629,730,0,0,0,0,0,0,0,0,0,0,10,3,99999,0
630,730,0,0,0,0,0,0,0,0,0,0,10,3,99999,0
631,730,0,0,0,0,0,0,0,0,0,6,10,4,99999,0
632,730,0,0,0,0,0,0,0,0,0,10,10,4,99999,0
633,730,0,0,0,0,0,0,0,0,0,8,10,4,99999,0
634,730,0,0,0,0,0,0,0,0,0,9,10,4,99999,0
635,730,0,0,0,0,0,0,0,0,0,9,10,4,99999,0
636,730,0,0,0,0,0,0,0,0,0,10,10,4,99999,0
637,730,0,0,0,0,0,0,0,0,0,10,10,4,99999,0
638,730,0,0,0,0,0,0,0,0,0,12,10,4,99999,0
639,730,0,0,0,0,0,0,0,0,0,8,10,4,99999,0
640,730,0,0,0,0,0,0,0,0,0,11,10,4,99999,0
641,730,0,0,0,0,0,0,0,0,0,5,10,4,99999,0
642,730,0,0,0,0,0,0,0,0,0,9,10,4,99999,0
643,730,0,0,0,0,0,0,0,0,0,11,10,4,99999,0
644,730,0,0,0,0,0,0,0,0,0,12,10,4,99999,0
645,730,0,0,0,0,0,0,0,0,0,9,10,4,99999,0
646,730,0,0,0,0,0,0,0,0,0,4,10,4,99999,0
647,730,0,0,0,0,0,0,0,0,0,15,10,4,99999,0
648,730,0,0,0,0,0,0,0,0,0,9,10,4,99999,0
649,730,0,0,0,0,0,0,0,0,0,10,10,4,99999,0
650,730,0,0,0,0,0,0,0,0,0,13,10,4,99999,0
651,730,0,0,0,0,0,0,0,0,0,12,10,4,99999,0
652,730,0,0,0,0,0,0,0,0,0,8,10,4,99999,0
653,730,0,0,0,0,0,0,0,0,0,17,10,4,99999,0
654,730,0,0,0,0,0,0,0,0,0,13,10,4,99999,0
655,730,0,0,0,0,0,0,0,0,0,13,10,4,99999,0
656,730,0,0,0,0,0,0,0,0,0,0,10,4,99999,0
657,730,0,0,0,0,0,0,0,0,0,0,10,4,99999,0
658,730,0,0,0,0,0,0,0,0,0,0,10,4,99999,0
659,730,0,0,0,0,0,0,0,0,0,0,10,4,99999,0
660,730,0,0,0,0,0,0,0,0,0,0,10,4,99999,0
661,730,0,0,0,0,0,0,0,0,0,10,10,5,99999,0
662,730,0,0,0,0,0,0,0,0,0,9,10,5,99999,0
663,730,0,0,0,0,0,0,0,0,0,7,10,5,99999,0
664,730,0,0,0,0,0,0,0,0,0,11,10,5,99999,0
665,730,0,0,0,0,0,0,0,0,0,17,10,5,99999,0
666,730,0,0,0,0,0,0,0,0,0,10,10,5,99999,0
667,730,0,0,0,0,0,0,0,0,0,11,10,5,99999,0
668,730,0,0,0,0,0,0,0,0,0,7,10,5,99999,0
669,730,0,0,0,0,0,0,0,0,0,9,10,5,99999,0
670,730,0,0,0,0,0,0,0,0,0,9,10,5,99999,0
671,730,0,0,0,0,0,0,0,0,0,7,10,5,99999,0
672,730,0,0,0,0,0,0,0,0,0,10,10,5,99999,0
673,730,0,0,0,0,0,0,0,0,0,13,10,5,99999,0
674,730,0,0,0,0,0,0,0,0,0,8,10,5,99999,0
675,730,0,0,0,0,0,0,0,0,0,11,10,5,99999,0
676,730,0,0,0,0,0,0,0,0,0,7,10,5,99999,0
677,730,0,0,0,0,0,0,0,0,0,11,10,5,99999,0
678,730,0,0,0,0,0,0,0,0,0,10,10,5,99999,0
679,730,0,0,0,0,0,0,0,0,0,9,10,5,99999,0
680,730,0,0,0,0,0,0,0,0,0,12,10,5,99999,0
681,730,0,0,0,0,0,0,0,0,0,7,10,5,99999,0
682,730,0,0,0,0,0,0,0,0,0,9,10,5,99999,0
683,730,0,0,0,0,0,0,0,0,0,14,10,5,99999,0
684,730,0,0,0,0,0,0,0,0,0,8,10,5,99999,0
685,730,0,0,0,0,0,0,0,0,0,13,10,5,99999,0
686,730,0,0,0,0,0,0,0,0,0,0,10,5,99999,0
687,730,0,0,0,0,0,0,0,0,0,0,10,5,99999,0
688,730,0,0,0,0,0,0,0,0,0,0,10,5,99999,0
689,730,0,0,0,0,0,0,0,0,0,0,10,5,99999,0
690,730,0,0,0,0,0,0,0,0,0,0,10,5,99999,0
691,730,0,0,0,0,0,0,0,0,0,10,10,6,99999,0
692,730,0,0,0,0,0,0,0,0,0,16,10,6,99999,0
693,730,0,0,0,0,0,0,0,0,0,11,10,6,99999,0
694,730,0,0,0,0,0,0,0,0,0,9,10,6,99999,0
695,730,0,0,0,0,0,0,0,0,0,11,10,6,99999,0
696,730,0,0,0,0,0,0,0,0,0,11,10,6,99999,0
697,730,0,0,0,0,0,0,0,0,0,12,10,6,99999,0
698,730,0,0,0,0,0,0,0,0,0,10,10,6,99999,0
699,730,0,0,0,0,0,0,0,0,0,15,10,6,99999,0
700,730,0,0,0,0,0,0,0,0,0,11,10,6,99999,0
701,730,0,0,0,0,0,0,0,0,0,8,10,6,99999,0
702,730,0,0,0,0,0,0,0,0,0,11,10,6,99999,0
703,730,0,0,0,0,0,0,0,0,0,6,10,6,99999,0
704,730,0,0,0,0,0,0,0,0,0,13,10,6,99999,0
705,730,0,0,0,0,0,0,0,0,0,6,10,6,99999,0
706,730,0,0,0,0,0,0,0,0,0,12,10,6,99999,0
707,730,0,0,0,0,0,0,0,0,0,5,10,6,99999,0
708,730,0,0,0,0,0,0,0,0,0,6,10,6,99999,0
709,730,0,0,0,0,0,0,0,0,0,10,10,6,99999,0
710,730,0,0,0,0,0,0,0,0,0,10,10,6,99999,0
711,730,0,0,0,0,0,0,0,0,0,8,10,6,99999,0
712,730,0,0,0,0,0,0,0,0,0,6,10,6,99999,0
713,730,0,0,0,0,0,0,0,0,0,7,10,6,99999,0
714,730,0,0,0,0,0,0,0,0,0,12,10,6,99999,0
715,730,0,0,0,0,0,0,0,0,0,0,10,6,99999,0
716,730,0,0,0,0,0,0,0,0,0,0,10,6,99999,0
717,730,0,0,0,0,0,0,0,0,0,0,10,6,99999,0
718,730,0,0,0,0,0,0,0,0,0,0,10,6,99999,0
719,730,0,0,0,0,0,0,0,0,0,0,10,6,99999,0
720,730,0,0,0,0,0,0,0,0,0,0,10,6,99999,0
721,730,0,0,0,0,0,0,0,0,0,12,10,7,99999,0
722,730,0,0,0,0,0,0,0,0,0,12,10,7,99999,0
723,730,0,0,0,0,0,0,0,0,0,10,10,7,99999,0
724,730,0,0,0,0,0,0,0,0,0,5,10,7,99999,0
725,730,0,0,0,0,0,0,0,0,0,9,10,7,99999,0
726,730,0,0,0,0,0,0,0,0,0,7,10,7,99999,0
727,730,0,0,0,0,0,0,0,0,0,13,10,7,99999,0
728,730,0,0,0,0,0,0,0,0,0,13,10,7,99999,0
729,730,0,0,0,0,0,0,0,0,0,10,10,7,99999,0
730,730,0,0,0,0,0,0,0,0,0,11,10,7,99999,0
731,730,0,0,0,0,0,0,0,0,0,12,10,7,99999,0
732,730,0,0,0,0,0,0,0,0,0,8,10,7,99999,0
733,730,0,0,0,0,0,0,0,0,0,14,10,7,99999,0
734,730,0,0,0,0,0,0,0,0,0,10,10,7,99999,0
735,730,0,0,0,0,0,0,0,0,0,16,10,7,99999,0
736,730,0,0,0,0,0,0,0,0,0,12,10,7,99999,0
737,730,0,0,0,0,0,0,0,0,0,11,10,7,99999,0
738,730,0,0,0,0,0,0,0,0,0,7,10,7,99999,0
739,730,0,0,0,0,0,0,0,0,0,10,10,7,99999,0
740,730,0,0,0,0,0,0,0,0,0,6,10,7,99999,0
741,730,0,0,0,0,0,0,0,0,0,9,10,7,99999,0
742,730,0,0,0,0,0,0,0,0,0,10,10,7,99999,0
743,730,0,0,0,0,0,0,0,0,0,9,10,7,99999,0
744,730,0,0,0,0,0,0,0,0,0,0,10,7,99999,0
745,730,0,0,0,0,0,0,0,0,0,2,10,7,99999,0
746,730,0,0,0,0,0,0,0,0,0,0,10,7,99999,0
747,730,0,0,0,0,0,0,0,0,0,0,10,7,99999,0
748,730,0,0,0,0,0,0,0,0,0,0,10,7,99999,0
749,730,0,0,0,0,0,0,0,0,0,0,10,7,99999,0
750,730,0,0,0,0,0,0,0,0,0,0,10,7,99999,0
751,730,0,0,0,0,0,0,0,0,0,14,10,8,99999,0
752,730,0,0,0,0,0,0,0,0,0,12,10,8,99999,0
753,730,0,0,0,0,0,0,0,0,0,9,10,8,99999,0
754,730,0,0,0,0,0,0,0,0,0,9,10,8,99999,0
755,730,0,0,0,0,0,0,0,0,0,9,10,8,99999,0
756,730,0,0,0,0,0,0,0,0,0,8,10,8,99999,0
757,730,0,0,0,0,0,0,0,0,0,11,10,8,99999,0
758,730,0,0,0,0,0,0,0,0,0,11,10,8,99999,0
759,730,0,0,0,0,0,0,0,0,0,8,10,8,99999,0
760,730,0,0,0,0,0,0,0,0,0,10,10,8,99999,0
761,730,0,0,0,0,0,0,0,0,0,11,10,8,99999,0
762,730,0,0,0,0,0,0,0,0,0,10,10,8,99999,0
763,730,0,0,0,0,0,0,0,0,0,9,10,8,99999,0
764,730,0,0,0,0,0,0,0,0,0,13,10,8,99999,0
765,730,0,0,0,0,0,0,0,0,0,12,10,8,99999,0
766,730,0,0,0,0,0,0,0,0,0,11,10,8,99999,0
767,730,0,0,0,0,0,0,0,0,0,12,10,8,99999,0
768,730,0,0,0,0,0,0,0,0,0,4,10,8,99999,0
769,730,0,0,0,0,0,0,0,0,0,7,10,8,99999,0
770,730,0,0,0,0,0,0,0,0,0,14,10,8,99999,0
771,730,0,0,0,0,0,0,0,0,0,9,10,8,99999,0
772,730,0,0,0,0,0,0,0,0,0,12,10,8,99999,0
773,730,0,0,0,0,0,0,0,0,0,12,10,8,99999,0
774,730,0,0,0,0,0,0,0,0,0,5,10,8,99999,0
775,730,0,0,0,0,0,0,0,0,0,10,10,8,99999,0
776,730,0,0,0,0,0,0,0,0,0,0,10,8,99999,0
777,730,0,0,0,0,0,0,0,0,0,0,10,8,99999,0
778,730,0,0,0,0,0,0,0,0,0,0,10,8,99999,0
779,730,0,0,0,0,0,0,0,0,0,0,10,8,99999,0
780,730,0,0,0,0,0,0,0,0,0,0,10,8,99999,0
781,730,0,0,0,0,0,0,0,0,0,8,10,9,99999,0
782,730,0,0,0,0,0,0,0,0,0,7,10,9,99999,0
783,730,0,0,0,0,0,0,0,0,0,12,10,9,99999,0
784,730,0,0,0,0,0,0,0,0,0,13,10,9,99999,0
785,730,0,0,0,0,0,0,0,0,0,8,10,9,99999,0
786,730,0,0,0,0,0,0,0,0,0,4,10,9,99999,0
787,730,0,0,0,0,0,0,0,0,0,9,10,9,99999,0
788,730,0,0,0,0,0,0,0,0,0,10,10,9,99999,0
789,730,0,0,0,0,0,0,0,0,0,12,10,9,99999,0
790,730,0,0,0,0,0,0,0,0,0,14,10,9,99999,0
791,730,0,0,0,0,0,0,0,0,0,16,10,9,99999,0
792,730,0,0,0,0,0,0,0,0,0,13,10,9,99999,0
793,730,0,0,0,0,0,0,0,0,0,9,10,9,99999,0
794,730,0,0,0,0,0,0,0,0,0,9,10,9,99999,0
795,730,0,0,0,0,0,0,0,0,0,14,10,9,99999,0
796,730,0,0,0,0,0,0,0,0,0,9,10,9,99999,0
797,730,0,0,0,0,0,0,0,0,0,15,10,9,99999,0
798,730,0,0,0,0,0,0,0,0,0,11,10,9,99999,0
799,730,0,0,0,0,0,0,0,0,0,6,10,9,99999,0
800,730,0,0,0,0,0,0,0,0,0,10,10,9,99999,0
801,730,0,0,0,0,0,0,0,0,0,7,10,9,99999,0
802,730,0,0,0,0,0,0,0,0,0,7,10,9,99999,0
803,730,0,0,0,0,0,0,0,0,0,13,10,9,99999,0
804,730,0,0,0,0,0,0,0,0,0,14,10,9,99999,0
805,730,0,0,0,0,0,0,0,0,0,0,10,9,99999,0
806,730,0,0,0,0,0,0,0,0,0,0,10,9,99999,0
807,730,0,0,0,0,0,0,0,0,0,0,10,9,99999,0
808,730,0,0,0,0,0,0,0,0,0,0,10,9,99999,0
809,730,0,0,0,0,0,0,0,0,0,0,10,9,99999,0
810,730,0,0,0,0,0,0,0,0,0,0,10,9,99999,0
811,730,0,0,0,0,0,0,0,0,0,9,10,10,99999,0
812,730,0,0,0,0,0,0,0,0,0,12,10,10,99999,0
813,730,0,0,0,0,0,0,0,0,0,11,10,10,99999,0
814,730,0,0,0,0,0,0,0,0,0,11,10,10,99999,0
815,730,0,0,0,0,0,0,0,0,0,10,10,10,99999,0
816,730,0,0,0,0,0,0,0,0,0,13,10,10,99999,0
817,730,0,0,0,0,0,0,0,0,0,14,10,10,99999,0
818,730,0,0,0,0,0,0,0,0,0,11,10,10,99999,0
819,730,0,0,0,0,0,0,0,0,0,11,10,10,99999,0
820,730,0,0,0,0,0,0,0,0,0,10,10,10,99999,0
821,730,0,0,0,0,0,0,0,0,0,10,10,10,99999,0
822,730,0,0,0,0,0,0,0,0,0,9,10,10,99999,0
823,730,0,0,0,0,0,0,0,0,0,6,10,10,99999,0
824,730,0,0,0,0,0,0,0,0,0,14,10,10,99999,0
825,730,0,0,0,0,0,0,0,0,0,12,10,10,99999,0
826,730,0,0,0,0,0,0,0,0,0,10,10,10,99999,0
827,730,0,0,0,0,0,0,0,0,0,13,10,10,99999,0
828,730,0,0,0,0,0,0,0,0,0,6,10,10,99999,0
829,730,0,0,0,0,0,0,0,0,0,12,10,10,99999,0
830,730,0,0,0,0,0,0,0,0,0,7,10,10,99999,0
831,730,0,0,0,0,0,0,0,0,0,6,10,10,99999,0
832,730,0,0,0,0,0,0,0,0,0,10,10,10,99999,0
833,730,0,0,0,0,0,0,0,0,0,6,10,10,99999,0
834,730,0,0,0,0,0,0,0,0,0,8,10,10,99999,0
835,730,0,0,0,0,0,0,0,0,0,0,10,10,99999,0
836,730,0,0,0,0,0,0,0,0,0,0,10,10,99999,0
837,730,0,0,0,0,0,0,0,0,0,4,10,10,99999,0
838,730,0,0,0,0,0,0,0,0,0,0,10,10,99999,0
839,730,0,0,0,0,0,0,0,0,0,0,10,10,99999,0
840,730,0,0,0,0,0,0,0,0,0,0,10,10,99999,0
841,730,0,0,0,0,0,0,0,0,0,9,10,11,99999,0
842,730,0,0,0,0,0,0,0,0,0,12,10,11,99999,0
843,730,0,0,0,0,0,0,0,0,0,8,10,11,99999,0
844,730,0,0,0,0,0,0,0,0,0,6,10,11,99999,0
845,730,0,0,0,0,0,0,0,0,0,9,10,11,99999,0
846,730,0,0,0,0,0,0,0,0,0,13,10,11,99999,0
847,730,0,0,0,0,0,0,0,0,0,10,10,11,99999,0
848,730,0,0,0,0,0,0,0,0,0,10,10,11,99999,0
849,730,0,0,0,0,0,0,0,0,0,10,10,11,99999,0
850,730,0,0,0,0,0,0,0,0,0,3,10,11,99999,0
851,730,0,0,0,0,0,0,0,0,0,7,10,11,99999,0
852,730,0,0,0,0,0,0,0,0,0,11,10,11,99999,0
853,730,0,0,0,0,0,0,0,0,0,6,10,11,99999,0
854,730,0,0,0,0,0,0,0,0,0,20,10,11,99999,0
855,730,0,0,0,0,0,0,0,0,0,10,10,11,99999,0
856,730,0,0,0,0,0,0,0,0,0,9,10,11,99999,0
857,730,0,0,0,0,0,0,0,0,0,8,10,11,99999,0
858,730,0,0,0,0,0,0,0,0,0,13,10,11,99999,0
859,730,0,0,0,0,0,0,0,0,0,14,10,11,99999,0
860,730,0,0,0,0,0,0,0,0,0,10,10,11,99999,0
861,730,0,0,0,0,0,0,0,0,0,10,10,11,99999,0
862,730,0,0,0,0,0,0,0,0,0,7,10,11,99999,0
863,730,0,0,0,0,0,0,0,0,0,11,10,11,99999,0
864,730,0,0,0,0,0,0,0,0,0,10,10,11,99999,0
865,730,0,0,0,0,0,0,0,0,0,10,10,11,99999,0
866,730,0,0,0,0,0,0,0,0,0,0,10,11,99999,0
867,730,0,0,0,0,0,0,0,0,0,0,10,11,99999,0
868,730,0,0,0,0,0,0,0,0,0,0,10,11,99999,0
869,730,0,0,0,0,0,0,0,0,0,0,10,11,99999,0
870,730,0,0,0,0,0,0,0,0,0,0,10,11,99999,0
871,730,0,0,0,0,0,0,0,0,0,6,10,12,99999,0
872,730,0,0,0,0,0,0,0,0,0,6,10,12,99999,0
873,730,0,0,0,0,0,0,0,0,0,9,10,12,99999,0
874,730,0,0,0,0,0,0,0,0,0,10,10,12,99999,0
875,730,0,0,0,0,0,0,0,0,0,13,10,12,99999,0
876,730,0,0,0,0,0,0,0,0,0,13,10,12,99999,0
877,730,0,0,0,0,0,0,0,0,0,9,10,12,99999,0
878,730,0,0,0,0,0,0,0,0,0,6,10,12,99999,0
879,730,0,0,0,0,0,0,0,0,0,7,10,12,99999,0
880,730,0,0,0,0,0,0,0,0,0,15,10,12,99999,0
881,730,0,0,0,0,0,0,0,0,0,19,10,12,99999,0
882,730,0,0,0,0,0,0,0,0,0,9,10,12,99999,0
883,730,0,0,0,0,0,0,0,0,0,9,10,12,99999,0
884,730,0,0,0,0,0,0,0,0,0,6,10,12,99999,0
885,730,0,0,0,0,0,0,0,0,0,14,10,12,99999,0
886,730,0,0,0,0,0,0,0,0,0,9,10,12,99999,0
887,730,0,0,0,0,0,0,0,0,0,11,10,12,99999,0
888,730,0,0,0,0,0,0,0,0,0,11,10,12,99999,0
889,730,0,0,0,0,0,0,0,0,0,5,10,12,99999,0
890,730,0,0,0,0,0,0,0,0,0,7,10,12,99999,0
891,730,0,0,0,0,0,0,0,0,0,10,10,12,99999,0
892,730,0,0,0,0,0,0,0,0,0,12,10,12,99999,0
893,730,0,0,0,0,0,0,0,0,0,9,10,12,99999,0
894,730,0,0,0,0,0,0,0,0,0,9,10,12,99999,0
895,730,0,0,0,0,0,0,0,0,0,12,10,12,99999,0
896,730,0,0,0,0,0,0,0,0,0,10,10,12,99999,0
897,730,0,0,0,0,0,0,0,0,0,9,10,12,99999,0
898,730,0,0,0,0,0,0,0,0,0,0,10,12,99999,0
899,730,0,0,0,0,0,0,0,0,0,0,10,12,99999,0
900,730,0,0,0,0,0,0,0,0,0,0,10,12,99999,0
901,730,0,0,0,0,0,0,0,0,0,16,10,13,99999,0
902,730,0,0,0,0,0,0,0,0,0,12,10,13,99999,0
903,730,0,0,0,0,0,0,0,0,0,10,10,13,99999,0
904,730,0,0,0,0,0,0,0,0,0,12,10,13,99999,0
905,730,0,0,0,0,0,0,0,0,0,7,10,13,99999,0
906,730,0,0,0,0,0,0,0,0,0,8,10,13,99999,0
907,730,0,0,0,0,0,0,0,0,0,10,10,13,99999,0
908,730,0,0,0,0,0,0,0,0,0,12,10,13,99999,0
909,730,0,0,0,0,0,0,0,0,0,11,10,13,99999,0
910,730,0,0,0,0,0,0,0,0,0,10,10,13,99999,0
911,730,0,0,0,0,0,0,0,0,0,9,10,13,99999,0
912,730,0,0,0,0,0,0,0,0,0,13,10,13,99999,0
913,730,0,0,0,0,0,0,0,0,0,9,10,13,99999,0
914,730,0,0,0,0,0,0,0,0,0,10,10,13,99999,0
915,730,0,0,0,0,0,0,0,0,0,6,10,13,99999,0
916,730,0,0,0,0,0,0,0,0,0,6,10,13,99999,0
917,730,0,0,0,0,0,0,0,0,0,10,10,13,99999,0
918,730,0,0,0,0,0,0,0,0,0,13,10,13,99999,0
919,730,0,0,0,0,0,0,0,0,0,10,10,13,99999,0
920,730,0,0,0,0,0,0,0,0,0,11,10,13,99999,0
921,730,0,0,0,0,0,0,0,0,0,14,10,13,99999,0
922,730,0,0,0,0,0,0,0,0,0,13,10,13,99999,0
923,730,0,0,0,0,0,0,0,0,0,9,10,13,99999,0
924,730,0,0,0,0,0,0,0,0,0,10,10,13,99999,0
925,730,0,0,0,0,0,0,0,0,0,4,10,13,99999,0
926,730,0,0,0,0,0,0,0,0,0,0,10,13,99999,0
927,730,0,0,0,0,0,0,0,0,0,0,10,13,99999,0
928,730,0,0,0,0,0,0,0,0,0,0,10,13,99999,0
929,730,0,0,0,0,0,0,0,0,0,0,10,13,99999,0
930,730,0,0,0,0,0,0,0,0,0,0,10,13,99999,0
931,730,0,0,0,0,0,0,0,0,0,13,10,14,99999,0
932,730,0,0,0,0,0,0,0,0,0,11,10,14,99999,0
933,730,0,0,0,0,0,0,0,0,0,11,10,14,99999,0
934,730,0,0,0,0,0,0,0,0,0,7,10,14,99999,0
935,730,0,0,0,0,0,0,0,0,0,9,10,14,99999,0
936,730,0,0,0,0,0,0,0,0,0,9,10,14,99999,0
937,730,0,0,0,0,0,0,0,0,0,11,10,14,99999,0
938,730,0,0,0,0,0,0,0,0,0,14,10,14,99999,0
939,730,0,0,0,0,0,0,0,0,0,18,10,14,99999,0
940,730,0,0,0,0,0,0,0,0,0,10,10,14,99999,0
941,730,0,0,0,0,0,0,0,0,0,6,10,14,99999,0
942,730,0,0,0,0,0,0,0,0,0,9,10,14,99999,0
943,730,0,0,0,0,0,0,0,0,0,6,10,14,99999,0
944,730,0,0,0,0,0,0,0,0,0,12,10,14,99999,0
945,730,0,0,0,0,0,0,0,0,0,11,10,14,99999,0
946,730,0,0,0,0,0,0,0,0,0,8,10,14,99999,0
947,730,0,0,0,0,0,0,0,0,0,11,10,14,99999,0
948,730,0,0,0,0,0,0,0,0,0,9,10,14,99999,0
949,730,0,0,0,0,0,0,0,0,0,9,10,14,99999,0
950,730,0,0,0,0,0,0,0,0,0,12,10,14,99999,0
951,730,0,0,0,0,0,0,0,0,0,10,10,14,99999,0
952,730,0,0,0,0,0,0,0,0,0,9,10,14,99999,0
953,730,0,0,0,0,0,0,0,0,0,5,10,14,99999,0
954,730,0,0,0,0,0,0,0,0,0,10,10,14,99999,0
955,730,0,0,0,0,0,0,0,0,0,0,10,14,99999,0
956,730,0,0,0,0,0,0,0,0,0,0,10,14,99999,0
957,730,0,0,0,0,0,0,0,0,0,0,10,14,99999,0
958,730,0,0,0,0,0,0,0,0,0,0,10,14,99999,0
959,730,0,0,0,0,0,0,0,0,0,0,10,14,99999,0
960,730,0,0,0,0,0,0,0,0,0,0,10,14,99999,0
961,730,0,0,0,0,0,0,0,0,0,0,10,15,99999,0
962,730,0,0,0,0,0,0,0,0,0,0,10,15,99999,0
963,730,0,0,0,0,0,0,0,0,0,0,10,15,99999,0
964,730,0,0,0,0,0,0,0,0,0,0,10,15,99999,0
965,730,0,0,0,0,0,0,0,0,0,0,10,15,99999,0
966,730,0,0,0,0,0,0,0,0,0,0,10,15,99999,0
967,730,0,0,0,0,0,0,0,0,0,0,10,15,99999,0
968,730,0,0,0,0,0,0,0,0,0,0,10,15,99999,0
969,730,0,0,0,0,0,0,0,0,0,0,10,15,99999,0
970,730,0,0,0,0,0,0,0,0,0,0,10,15,99999,0
971,730,0,0,0,0,0,0,0,0,0,0,10,15,99999,0
972,730,0,0,0,0,0,0,0,0,0,0,10,15,99999,0
973,730,0,0,0,0,0,0,0,0,0,0,10,15,99999,0
974,730,0,0,0,0,0,0,0,0,0,0,10,15,99999,0
975,730,0,0,0,0,0,0,0,0,0,0,10,15,99999,0
976,730,0,0,0,0,0,0,0,0,0,0,10,15,99999,0
977,730,0,0,0,0,0,0,0,0,0,0,10,15,99999,0
978,730,0,0,0,0,0,0,0,0,0,0,10,15,99999,0
979,730,0,0,0,0,0,0,0,0,0,0,10,15,99999,0
980,730,0,0,0,0,0,0,0,0,0,0,10,15,99999,0
981,730,0,0,0,0,0,0,0,0,0,0,10,15,99999,0
982,730,0,0,0,0,0,0,0,0,0,0,10,15,99999,0
983,730,0,0,0,0,0,0,0,0,0,0,10,15,99999,0
984,730,0,0,0,0,0,0,0,0,0,0,10,15,99999,0
985,730,0,0,0,0,0,0,0,0,0,0,10,15,99999,0
986,730,0,0,0,0,0,0,0,0,0,0,10,15,99999,0
987,730,0,0,0,0,0,0,0,0,0,2,10,15,99999,0
988,730,0,0,0,0,0,0,0,0,0,0,10,15,99999,0
989,730,0,0,0,0,0,0,0,0,0,0,10,15,99999,0
990,730,0,0,0,0,0,0,0,0,0,0,10,15,99999,0
991,730,0,0,0,0,0,0,0,0,0,0,10,16,99999,0
992,730,0,0,0,0,0,0,0,0,0,0,10,16,99999,0
993,730,0,0,0,0,0,0,0,0,0,0,10,16,99999,0
994,730,0,0,0,0,0,0,0,0,0,0,10,16,99999,0
995,730,0,0,0,0,0,0,0,0,0,0,10,16,99999,0
996,730,0,0,0,0,0,0,0,0,0,0,10,16,99999,0
997,730,0,0,0,0,0,0,0,0,0,0,10,16,99999,0
998,730,0,0,0,0,0,0,0,0,0,0,10,16,99999,0
999,730,0,0,0,0,0,0,0,0,0,0,10,16,99999,0
1000,730,0,0,0,0,0,0,0,0,0,0,10,16,99999,0
1001,730,0,0,0,0,0,0,0,0,0,0,10,16,99999,0
1002,730,0,0,0,0,0,0,0,0,0,0,10,16,99999,0
1003,730,0,0,0,0,0,0,0,0,0,0,10,16,99999,0
1004,730,0,0,0,0,0,0,0,0,0,0,10,16,99999,0
1005,730,0,0,0,0,0,0,0,0,0,0,10,16,99999,0
1006,730,0,0,0,0,0,0,0,0,0,0,10,16,99999,0
1007,730,0,0,0,0,0,0,0,0,0,0,10,16,99999,0
1008,730,0,0,0,0,0,0,0,0,0,0,10,16,99999,0
1009,730,0,0,0,0,0,0,0,0,0,0,10,16,99999,0
1010,730,0,0,0,0,0,0,0,0,0,0,10,16,99999,0
1011,730,0,0,0,0,0,0,0,0,0,0,10,16,99999,0
1012,730,0,0,0,0,0,0,0,0,0,0,10,16,99999,0
1013,730,0,0,0,0,0,0,0,0,0,0,10,16,99999,0
1014,730,0,0,0,0,0,0,0,0,0,0,10,16,99999,0
1015,730,0,0,0,0,0,0,0,0,0,0,10,16,99999,0
1016,730,0,0,0,0,0,0,0,0,0,0,10,16,99999,0
1017,730,0,0,0,0,0,0,0,0,0,0,10,16,99999,0
1018,730,0,0,0,0,0,0,0,0,0,0,10,16,99999,0
1019,730,0,0,0,0,0,0,0,0,0,0,10,16,99999,0
1020,730,0,0,0,0,0,0,0,0,0,0,10,16,99999,0
1021,730,0,0,0,0,0,0,0,0,0,0,10,17,99999,0
1022,730,0,0,0,0,0,0,0,0,0,0,10,17,99999,0
1023,730,0,0,0,0,0,0,0,0,0,0,10,17,99999,0
1024,730,0,0,0,0,0,0,0,0,0,0,10,17,99999,0
1025,730,0,0,0,0,0,0,0,0,0,0,10,17,99999,0
1026,730,0,0,0,0,0,0,0,0,0,0,10,17,99999,0
1027,730,0,0,0,0,0,0,0,0,0,0,10,17,99999,0
1028,730,0,0,0,0,0,0,0,0,0,0,10,17,99999,0
1029,730,0,0,0,0,0,0,0,0,0,0,10,17,99999,0
1030,730,0,0,0,0,0,0,0,0,0,0,10,17,99999,0
1031,730,0,0,0,0,0,0,0,0,0,0,10,17,99999,0
1032,730,0,0,0,0,0,0,0,0,0,0,10,17,99999,0
1033,730,0,0,0,0,0,0,0,0,0,0,10,17,99999,0
1034,730,0,0,0,0,0,0,0,0,0,0,10,17,99999,0
1035,730,0,0,0,0,0,0,0,0,0,0,10,17,99999,0
1036,730,0,0,0,0,0,0,0,0,0,0,10,17,99999,0
1037,730,0,0,0,0,0,0,0,0,0,0,10,17,99999,0
1038,730,0,0,0,0,0,0,0,0,0,0,10,17,99999,0
1039,730,0,0,0,0,0,0,0,0,0,0,10,17,99999,0
1040,730,0,0,0,0,0,0,0,0,0,0,10,17,99999,0
1041,730,0,0,0,0,0,0,0,0,0,0,10,17,99999,0
1042,730,0,0,0,0,0,0,0,0,0,0,10,17,99999,0
1043,730,0,0,0,0,0,0,0,0,0,0,10,17,99999,0
1044,730,0,0,0,0,0,0,0,0,0,0,10,17,99999,0
1045,730,0,0,0,0,0,0,0,0,0,0,10,17,99999,0
1046,730,0,0,0,0,0,0,0,0,0,0,10,17,99999,0
1047,730,0,0,0,0,0,0,0,0,0,0,10,17,99999,0
1048,730,0,0,0,0,0,0,0,0,0,0,10,17,99999,0
1049,730,0,0,0,0,0,0,0,0,0,0,10,17,99999,0
1050,730,0,0,0,0,0,0,0,0,0,0,10,17,99999,0
1051,730,0,0,0,0,0,0,0,0,0,0,10,18,99999,0
1052,730,0,0,0,0,0,0,0,0,0,0,10,18,99999,0
1053,730,0,0,0,0,0,0,0,0,0,0,10,18,99999,0
1054,730,0,0,0,0,0,0,0,0,0,0,10,18,99999,0
1055,730,0,0,0,0,0,0,0,0,0,0,10,18,99999,0
1056,730,0,0,0,0,0,0,0,0,0,0,10,18,99999,0
1057,730,0,0,0,0,0,0,0,0,0,0,10,18,99999,0
1058,730,0,0,0,0,0,0,0,0,0,0,10,18,99999,0
1059,730,0,0,0,0,0,0,0,0,0,0,10,18,99999,0
1060,730,0,0,0,0,0,0,0,0,0,0,10,18,99999,0
1061,730,0,0,0,0,0,0,0,0,0,0,10,18,99999,0
1062,730,0,0,0,0,0,0,0,0,0,0,10,18,99999,0
1063,730,0,0,0,0,0,0,0,0,0,0,10,18,99999,0
1064,730,0,0,0,0,0,0,0,0,0,0,10,18,99999,0
1065,730,0,0,0,0,0,0,0,0,0,0,10,18,99999,0
1066,730,0,0,0,0,0,0,0,0,0,0,10,18,99999,0
1067,730,0,0,0,0,0,0,0,0,0,0,10,18,99999,0
1068,730,0,0,0,0,0,0,0,0,0,0,10,18,99999,0
1069,730,0,0,0,0,0,0,0,0,0,0,10,18,99999,0
1070,730,0,0,0,0,0,0,0,0,0,0,10,18,99999,0
1071,730,0,0,0,0,0,0,0,0,0,0,10,18,99999,0
1072,730,0,0,0,0,0,0,0,0,0,0,10,18,99999,0
1073,730,0,0,0,0,0,0,0,0,0,0,10,18,99999,0
1074,730,0,0,0,0,0,0,0,0,0,0,10,18,99999,0
1075,730,0,0,0,0,0,0,0,0,0,0,10,18,99999,0
1076,730,0,0,0,0,0,0,0,0,0,0,10,18,99999,0
1077,730,0,0,0,0,0,0,0,0,0,0,10,18,99999,0
1078,730,0,0,0,0,0,0,0,0,0,0,10,18,99999,0
1079,730,0,0,0,0,0,0,0,0,0,0,10,18,99999,0
1080,730,0,0,0,0,0,0,0,0,0,0,10,18,99999,0
1081,730,0,0,0,0,0,0,0,0,0,0,11,1,99999,0
1082,730,0,0,0,0,0,0,0,0,0,0,11,1,99999,0
1083,730,0,0,0,0,0,0,0,0,0,0,11,1,99999,0
1084,730,0,0,0,0,0,0,0,0,0,0,11,1,99999,0
1085,730,0,0,0,0,0,0,0,0,0,0,11,1,99999,0
1086,730,0,0,0,0,0,0,0,0,0,0,11,1,99999,0
1087,730,0,0,0,0,0,0,0,0,0,0,11,1,99999,0
1088,730,0,0,0,0,0,0,0,0,0,0,11,1,99999,0
1089,730,0,0,0,0,0,0,0,0,0,0,11,1,99999,0
1090,730,0,0,0,0,0,0,0,0,0,0,11,1,99999,0
1091,730,0,0,0,0,0,0,0,0,0,0,11,1,99999,0
1092,730,0,0,0,0,0,0,0,0,0,0,11,1,99999,0
1093,730,0,0,0,0,0,0,0,0,0,0,11,1,99999,0
1094,730,0,0,0,0,0,0,0,0,0,0,11,1,99999,0
1095,730,0,0,0,0,0,0,0,0,0,0,11,1,99999,0
1096,730,0,0,0,0,0,0,0,0,0,0,11,1,99999,0
1097,730,0,0,0,0,0,0,0,0,0,0,11,1,99999,0
1098,730,0,0,0,0,0,0,0,0,0,0,11,1,99999,0
1099,730,0,0,0,0,0,0,0,0,0,0,11,1,99999,0
1100,730,0,0,0,0,0,0,0,0,0,0,11,1,99999,0
1101,730,0,0,0,0,0,0,0,0,0,0,11,1,99999,0
1102,730,0,0,0,0,0,0,0,0,0,0,11,1,99999,0
1103,730,0,0,0,0,0,0,0,0,0,0,11,1,99999,0
1104,730,0,0,0,0,0,0,0,0,0,0,11,1,99999,0
1105,730,0,0,0,0,0,0,0,0,0,0,11,1,99999,0
1106,730,0,0,0,0,0,0,0,0,0,0,11,2,99999,0
1107,730,0,0,0,0,0,0,0,0,0,0,11,2,99999,0
1108,730,0,0,0,0,0,0,0,0,0,0,11,2,99999,0
1109,730,0,0,0,0,0,0,0,0,0,0,11,2,99999,0
1110,730,0,0,0,0,0,0,0,0,0,0,11,2,99999,0
1111,730,0,0,0,0,0,0,0,0,0,0,11,2,99999,0
1112,730,0,0,0,0,0,0,0,0,0,0,11,2,99999,0
1113,730,0,0,0,0,0,0,0,0,0,0,11,2,99999,0
1114,730,0,0,0,0,0,0,0,0,0,0,11,2,99999,0
1115,730,0,0,0,0,0,0,0,0,0,0,11,2,99999,0
1116,730,0,0,0,0,0,0,0,0,0,0,11,2,99999,0
1117,730,0,0,0,0,0,0,0,0,0,0,11,2,99999,0
1118,730,0,0,0,0,0,0,0,0,0,0,11,2,99999,0
1119,730,0,0,0,0,0,0,0,0,0,0,11,2,99999,0
1120,730,0,0,0,0,0,0,0,0,0,0,11,2,99999,0
1121,730,0,0,0,0,0,0,0,0,0,0,11,2,99999,0
1122,730,0,0,0,0,0,0,0,0,0,0,11,2,99999,0
1123,730,0,0,0,0,0,0,0,0,0,0,11,2,99999,0
1124,730,0,0,0,0,0,0,0,0,0,0,11,2,99999,0
1125,730,0,0,0,0,0,0,0,0,0,0,11,2,99999,0
1126,730,0,0,0,0,0,0,0,0,0,0,11,2,99999,0
1127,730,0,0,0,0,0,0,0,0,0,0,11,2,99999,0
1128,730,0,0,0,0,0,0,0,0,0,0,11,2,99999,0
1129,730,0,0,0,0,0,0,0,0,0,0,11,2,99999,0
1130,730,0,0,0,0,0,0,0,0,0,0,11,2,99999,0
1131,730,0,0,0,1,0,0,0,0,0,0,12,1,165,0
1132,730,0,0,0,3,0,0,0,0,0,0,12,1,165,0
1133,730,0,0,0,1,0,0,0,0,0,0,12,1,165,0
1134,730,0,0,0,6,0,0,0,0,0,0,12,1,99999,0
1135,730,0,0,0,7,0,0,0,0,0,0,12,1,99999,0
1136,730,0,0,0,6,0,0,0,0,0,0,12,1,99999,0
1137,730,0,0,0,5,0,0,0,0,0,0,12,1,99999,0
1138,730,0,0,0,9,0,0,0,0,0,0,12,1,99999,0
1139,730,0,0,0,5,0,0,0,0,0,0,12,1,99999,0
1140,730,0,0,0,10,0,0,0,0,0,0,12,1,99999,0
1141,730,0,0,0,5,0,0,0,0,0,0,12,1,99999,0
1142,730,0,0,0,5,0,0,0,0,0,0,12,1,99999,0
1143,730,0,0,0,8,0,0,0,0,0,0,12,1,99999,0
1144,730,0,0,0,6,0,0,0,0,0,0,12,1,99999,0
1145,730,0,0,0,7,0,0,0,0,0,0,12,1,99999,0
1146,730,0,0,0,4,0,0,0,0,0,0,12,1,99999,0
1147,730,0,0,0,7,0,0,0,0,0,0,12,1,99999,0
1148,730,0,0,0,0,0,0,0,0,0,0,12,1,99999,0
1149,730,0,0,0,0,0,0,0,0,0,0,12,1,99999,0
1150,730,0,0,0,0,0,0,0,0,0,0,12,1,99999,0
1151,730,0,0,0,4,0,0,0,0,0,0,12,1,99999,0
1152,730,0,0,0,3,0,0,0,0,0,0,12,1,99999,0
1153,730,0,0,0,4,0,0,0,0,0,0,12,1,99999,0
1154,730,0,0,0,8,0,0,0,0,0,0,12,1,99999,0
1155,730,0,0,0,5,0,0,0,0,0,0,12,1,99999,0
